{
  "timestamp": "20251112_204315",
  "dataset_size": 12298811,
  "num_features": 20,
  "num_buildings": 1449,
  "train_size": 8518793,
  "test_size": 3780018,
  "train_rmse": 186.49475995628805,
  "test_rmse": 195.37298730297525,
  "train_mae": 46.21312358855098,
  "test_mae": 49.908390405178565,
  "train_r2": 0.9820068264963756,
  "test_r2": 0.9798843338940942,
  "test_wape": 8.53748084794644,
  "test_smape": 13.338022761988888,
  "best_iteration": 1000,
  "baseline_1h_rmse": 205.1290336680654,
  "baseline_1h_mae": 45.02419998429229,
  "baseline_24h_rmse": 361.23114522351455,
  "baseline_24h_mae": 92.21717239252283,
  "baseline_rolling_rmse": 320.00790305762905,
  "baseline_rolling_mae": 99.31869506303049,
  "improvement_vs_1h": 4.756053392654861,
  "improvement_vs_24h": 45.91468928237439,
  "improvement_vs_rolling": 38.94744928602865,
  "log_correction": 0.025279474173896626,
  "log_residual_mean": 3.438043546017425e-06,
  "log_residual_var": 0.050552072260701214,
  "hourly_performance": {
    "0": 44.50588739423159,
    "1": 44.13599171704663,
    "2": 40.50133086335612,
    "3": 40.513098750888254,
    "4": 42.3451151278077,
    "5": 47.75781722594632,
    "6": 57.208263493309886,
    "7": 61.49420936396373,
    "8": 56.446606763931484,
    "9": 55.50779715588004,
    "10": 55.220332168249826,
    "11": 55.91674151474856,
    "12": 53.56131759282952,
    "13": 51.5696909411885,
    "14": 50.45752319614787,
    "15": 51.68064576735203,
    "16": 51.24488223087654,
    "17": 51.71973582656901,
    "18": 51.43784216920159,
    "19": 49.57122613865456,
    "20": 48.02455462932778,
    "21": 45.842205571603586,
    "22": 45.57252923288167,
    "23": 45.873780437488584
  },
  "daily_performance": {
    "0": 53.80013777713183,
    "1": 51.71980855161511,
    "2": 50.66643739050755,
    "3": 51.07593313941402,
    "4": 51.596670022897385,
    "5": 46.404640351018664,
    "6": 43.75034437628396
  },
  "features": [
    "hour",
    "dayofweek",
    "month",
    "is_weekend",
    "is_holiday",
    "air_temperature",
    "CDD",
    "HDD",
    "lag_1h",
    "lag_3h",
    "lag_6h",
    "lag_24h",
    "lag_72h",
    "rolling_mean_24h",
    "rolling_mean_168h",
    "rolling_std_24h",
    "rolling_max_24h",
    "rolling_min_24h",
    "building_id",
    "site_id"
  ]
}