{
  "timestamp": "20251113_201521",
  "dataset_size": 12291399,
  "num_features": 27,
  "num_buildings": 1449,
  "train_size": 8513207,
  "test_size": 3778192,
  "train_rmse": 0.23491141737533203,
  "test_rmse": 0.23899378591581624,
  "train_mae": 0.09456586644211712,
  "test_mae": 0.10186572474544027,
  "train_r2": 0.9882861280894663,
  "test_r2": 0.9859194992977268,
  "test_wape": 16.7325821666394,
  "test_smape": 5.775856159050369,
  "best_iteration": 997,
  "baseline_1h_rmse": 1493.8715545061063,
  "baseline_1h_mae": 579.6707957553555,
  "baseline_24h_rmse": 1492.5467040002377,
  "baseline_24h_mae": 579.3556974934804,
  "baseline_rolling_rmse": 1464.5299137812437,
  "baseline_rolling_mae": 579.5297043273586,
  "improvement_vs_1h": 99.98400171787226,
  "improvement_vs_24h": 99.98398751708906,
  "improvement_vs_rolling": 99.98368119465046,
  "hourly_performance": {
    "0": 103.41205496331582,
    "1": 100.82916489425338,
    "2": 95.11469107791142,
    "3": 91.99950197112624,
    "4": 93.42566419530303,
    "5": 105.98457975561385,
    "6": 117.45408353584315,
    "7": 121.54903705417108,
    "8": 122.72161196352458,
    "9": 126.17770916459685,
    "10": 130.44104668705455,
    "11": 131.09423465157784,
    "12": 125.1115324388338,
    "13": 123.92645820664887,
    "14": 126.67101911061391,
    "15": 125.81243115725306,
    "16": 132.480156416443,
    "17": 130.40148491743983,
    "18": 122.00504922362555,
    "19": 120.00633311153193,
    "20": 117.01794713573165,
    "21": 116.59366881702991,
    "22": 113.96778885514816,
    "23": 112.35003651550277
  },
  "daily_performance": {
    "0": 115.42255801477225,
    "1": 123.41714395732252,
    "2": 127.32977387302753,
    "3": 130.72512410280444,
    "4": 120.03243286727744,
    "5": 103.66657185759165,
    "6": 96.44711296600067
  },
  "features": [
    "primary_use_encoded",
    "building_age",
    "hour",
    "dayofweek",
    "month",
    "is_weekend",
    "is_holiday",
    "near_holiday",
    "air_temperature",
    "CDD",
    "HDD",
    "lag_1h",
    "lag_3h",
    "lag_6h",
    "lag_24h",
    "lag_72h",
    "rolling_mean_24h",
    "rolling_mean_168h",
    "rolling_std_24h",
    "rolling_max_24h",
    "rolling_min_24h",
    "slope_6h",
    "slope_12h",
    "delta_24h",
    "acceleration_6h",
    "building_id",
    "site_id"
  ]
}