{
  "timestamp": "20251113_194659",
  "dataset_size": 12291399,
  "num_features": 27,
  "num_buildings": 1449,
  "train_size": 8513207,
  "test_size": 3778192,
  "train_rmse": 0.23491141737533203,
  "test_rmse": 0.23899378591581624,
  "train_mae": 0.09456586644211712,
  "test_mae": 0.10186572474544027,
  "train_r2": 0.9882861280894663,
  "test_r2": 0.9859194992977268,
  "test_wape": 2.1716190130475788,
  "test_smape": 5.775856159050369,
  "best_iteration": 997,
  "baseline_1h_rmse": 1493.8715545061063,
  "baseline_1h_mae": 579.6707957553555,
  "baseline_24h_rmse": 1492.5467040002377,
  "baseline_24h_mae": 579.3556974934804,
  "baseline_rolling_rmse": 1464.5299137812437,
  "baseline_rolling_mae": 579.5297043273586,
  "improvement_vs_1h": 99.98400171787226,
  "improvement_vs_24h": 99.98398751708906,
  "improvement_vs_rolling": 99.98368119465046,
  "hourly_performance": {
    "0": Infinity,
    "1": Infinity,
    "2": Infinity,
    "3": Infinity,
    "4": Infinity,
    "5": Infinity,
    "6": Infinity,
    "7": Infinity,
    "8": Infinity,
    "9": Infinity,
    "10": Infinity,
    "11": Infinity,
    "12": Infinity,
    "13": Infinity,
    "14": Infinity,
    "15": Infinity,
    "16": Infinity,
    "17": Infinity,
    "18": Infinity,
    "19": Infinity,
    "20": Infinity,
    "21": Infinity,
    "22": Infinity,
    "23": Infinity
  },
  "daily_performance": {
    "0": Infinity,
    "1": Infinity,
    "2": Infinity,
    "3": Infinity,
    "4": Infinity,
    "5": Infinity,
    "6": Infinity
  },
  "features": [
    "primary_use_encoded",
    "building_age",
    "hour",
    "dayofweek",
    "month",
    "is_weekend",
    "is_holiday",
    "near_holiday",
    "air_temperature",
    "CDD",
    "HDD",
    "lag_1h",
    "lag_3h",
    "lag_6h",
    "lag_24h",
    "lag_72h",
    "rolling_mean_24h",
    "rolling_mean_168h",
    "rolling_std_24h",
    "rolling_max_24h",
    "rolling_min_24h",
    "slope_6h",
    "slope_12h",
    "delta_24h",
    "acceleration_6h",
    "building_id",
    "site_id"
  ]
}