{
  "timestamp": "20251112_161824",
  "dataset_size": 12291399,
  "num_features": 20,
  "num_buildings": 1449,
  "train_size": 8513207,
  "test_size": 3778192,
  "train_rmse": 167.7279618635732,
  "test_rmse": 182.2918016369603,
  "train_mae": 42.778489284633444,
  "test_mae": 47.42303693889851,
  "train_r2": 0.985472170214232,
  "test_r2": 0.9825048924355826,
  "test_wape": 8.115218078696067,
  "test_smape": 17.952502791812954,
  "best_iteration": 568,
  "baseline_1h_rmse": 206.76659578917815,
  "baseline_24h_rmse": 365.6088071277259,
  "improvement_vs_1h": 11.836918849876833,
  "improvement_vs_24h": 50.14020502704236,
  "hourly_performance": {
    "0": 43.43658813330613,
    "1": 41.490115424824594,
    "2": 39.07005981075496,
    "3": 38.96961678530571,
    "4": 40.706453042633434,
    "5": 44.64315890256484,
    "6": 51.72172369008378,
    "7": 56.142645771935925,
    "8": 52.99816610849558,
    "9": 52.556707089598525,
    "10": 53.36694469003406,
    "11": 53.08155516169426,
    "12": 50.93408293321521,
    "13": 48.739448079435206,
    "14": 47.507475080795,
    "15": 48.45401678149694,
    "16": 47.98558512144492,
    "17": 48.57878321317377,
    "18": 49.230082354947186,
    "19": 47.44060932325912,
    "20": 46.16145895593679,
    "21": 44.85222758862938,
    "22": 45.054166755675425,
    "23": 45.329206563371024
  },
  "daily_performance": {
    "0": 49.90259259395334,
    "1": 49.01485315737211,
    "2": 47.84888007665622,
    "3": 48.5832462033472,
    "4": 48.48351783899774,
    "5": 45.996644988661146,
    "6": 41.81026116627382
  },
  "features": [
    "hour",
    "dayofweek",
    "month",
    "is_weekend",
    "is_holiday",
    "air_temperature",
    "CDD",
    "HDD",
    "lag_1h",
    "lag_3h",
    "lag_6h",
    "lag_24h",
    "lag_72h",
    "rolling_mean_24h",
    "rolling_mean_168h",
    "rolling_std_24h",
    "rolling_max_24h",
    "rolling_min_24h",
    "building_id",
    "site_id"
  ]
}