{
  "timestamp": "20251112_175718",
  "dataset_size": 12298811,
  "num_features": 20,
  "num_buildings": 1449,
  "train_size": 8518793,
  "test_size": 3780018,
  "train_rmse": 160.17534077863425,
  "test_rmse": 180.23557714085482,
  "train_mae": 41.759730332108006,
  "test_mae": 47.147158347415974,
  "train_r2": 0.9867271002669878,
  "test_r2": 0.9828806832579795,
  "test_wape": 8.065136105539406,
  "test_smape": 18.091427202845644,
  "best_iteration": 1000,
  "baseline_1h_rmse": 205.12903366806546,
  "baseline_24h_rmse": 361.23114522351455,
  "improvement_vs_1h": 12.135511040086406,
  "improvement_vs_24h": 50.1051945481244,
  "hourly_performance": {
    "0": 43.08394447123387,
    "1": 42.3562938469641,
    "2": 39.60423581268436,
    "3": 38.86593978545683,
    "4": 40.69128270814472,
    "5": 44.43084274993506,
    "6": 51.28513773530075,
    "7": 55.91743460863293,
    "8": 51.92005398397934,
    "9": 51.80140881747619,
    "10": 53.06826251852461,
    "11": 52.756586320784116,
    "12": 50.46214256890231,
    "13": 48.3292290135671,
    "14": 47.18104755616318,
    "15": 47.92358482251505,
    "16": 47.376830541671794,
    "17": 48.14860462930427,
    "18": 49.11478080445126,
    "19": 47.34720024992162,
    "20": 45.880990086781225,
    "21": 44.5348232174922,
    "22": 44.8323587944219,
    "23": 44.88885122423263
  },
  "daily_performance": {
    "0": 49.66767053864827,
    "1": 48.5281066153071,
    "2": 47.556954660976956,
    "3": 48.13345065432048,
    "4": 48.020154519832694,
    "5": 45.931658337748125,
    "6": 41.89141367832087
  },
  "features": [
    "hour",
    "dayofweek",
    "month",
    "is_weekend",
    "is_holiday",
    "air_temperature",
    "CDD",
    "HDD",
    "lag_1h",
    "lag_3h",
    "lag_6h",
    "lag_24h",
    "lag_72h",
    "rolling_mean_24h",
    "rolling_mean_168h",
    "rolling_std_24h",
    "rolling_max_24h",
    "rolling_min_24h",
    "building_id",
    "site_id"
  ]
}