{
  "timestamp": "20251112_201302",
  "dataset_size": 12298811,
  "num_features": 20,
  "num_buildings": 1449,
  "train_size": 8518793,
  "test_size": 3780018,
  "train_rmse": 185.98633724340544,
  "test_rmse": 195.35993741768007,
  "train_mae": 44.28189824641911,
  "test_mae": 48.202570218416724,
  "train_r2": 0.9821047988817024,
  "test_r2": 0.9798870210451881,
  "test_wape": 8.245678065763178,
  "test_smape": 12.870319771827049,
  "best_iteration": 1000,
  "baseline_1h_rmse": 205.1290336680654,
  "baseline_24h_rmse": 361.23114522351455,
  "improvement_vs_1h": 4.762415186040137,
  "improvement_vs_24h": 45.918301895923285,
  "hourly_performance": {
    "0": 43.81264662028074,
    "1": 42.96563495980322,
    "2": 38.984112601494516,
    "3": 38.933911498654844,
    "4": 40.36937845201558,
    "5": 45.02743351198232,
    "6": 53.78341863709353,
    "7": 58.76563475145645,
    "8": 53.2181240351507,
    "9": 52.30161488386106,
    "10": 53.319382028570935,
    "11": 54.46000842409289,
    "12": 52.35749950604659,
    "13": 50.34592680973955,
    "14": 48.92779040474621,
    "15": 49.93387415412349,
    "16": 49.836404799400285,
    "17": 50.319116310584384,
    "18": 49.9812202526184,
    "19": 47.78994684995656,
    "20": 46.54848787794489,
    "21": 45.29090519654344,
    "22": 45.24373424162357,
    "23": 44.650972791337395
  },
  "daily_performance": {
    "0": 52.22878124736818,
    "1": 49.917132658099035,
    "2": 49.30201018265337,
    "3": 49.14574552440278,
    "4": 49.50588499355262,
    "5": 45.12952503525598,
    "6": 41.830797754283836
  },
  "features": [
    "hour",
    "dayofweek",
    "month",
    "is_weekend",
    "is_holiday",
    "air_temperature",
    "CDD",
    "HDD",
    "lag_1h",
    "lag_3h",
    "lag_6h",
    "lag_24h",
    "lag_72h",
    "rolling_mean_24h",
    "rolling_mean_168h",
    "rolling_std_24h",
    "rolling_max_24h",
    "rolling_min_24h",
    "building_id",
    "site_id"
  ]
}