{
  "timestamp": "20251109_200645",
  "dataset_size": 12291399,
  "num_features": 20,
  "num_buildings": 1449,
  "train_size": 8513207,
  "test_size": 3778192,
  "train_rmse": 167.72796187300122,
  "test_rmse": 182.29180186809964,
  "train_mae": 42.7784894592414,
  "test_mae": 47.423038919029274,
  "train_r2": 0.9854721702125987,
  "test_r2": 0.9825048923912163,
  "test_wape": 8.115218417543893,
  "test_smape": 17.95250289022064,
  "best_iteration": 568,
  "baseline_1h_rmse": 206.76659578917824,
  "baseline_24h_rmse": 365.6088071277259,
  "improvement_vs_1h": 11.8369187380893,
  "improvement_vs_24h": 50.14020496382196,
  "hourly_performance": {
    "0": 43.43658813591682,
    "1": 41.490115428616804,
    "2": 39.07005981454401,
    "3": 38.96961679144998,
    "4": 40.70645304708514,
    "5": 44.64315889183331,
    "6": 51.72172367543182,
    "7": 56.142645751475314,
    "8": 52.99816608262406,
    "9": 52.55670707302694,
    "10": 53.36694467371385,
    "11": 53.08155514294074,
    "12": 50.934080226812625,
    "13": 48.73944804726932,
    "14": 47.50748764882069,
    "15": 48.45402932565806,
    "16": 47.98559764646373,
    "17": 48.5787957385261,
    "18": 49.23008239398837,
    "19": 47.44060937721434,
    "20": 46.16145900444794,
    "21": 44.85222764134982,
    "22": 45.05416678950541,
    "23": 45.329206581031585
  },
  "daily_performance": {
    "0": 49.90259182147928,
    "1": 49.01486762229745,
    "2": 47.84888006965112,
    "3": 48.58324619687728,
    "4": 48.48351783012428,
    "5": 45.99664496169837,
    "6": 41.810261223251146
  },
  "features": [
    "hour",
    "dayofweek",
    "month",
    "is_weekend",
    "is_holiday",
    "air_temperature",
    "CDD",
    "HDD",
    "lag_1h",
    "lag_3h",
    "lag_6h",
    "lag_24h",
    "lag_72h",
    "rolling_mean_24h",
    "rolling_mean_168h",
    "rolling_std_24h",
    "rolling_max_24h",
    "rolling_min_24h",
    "building_id",
    "site_id"
  ]
}