{
  "timestamp": "20251113_012657",
  "dataset_size": 12291399,
  "num_features": 27,
  "num_buildings": 1449,
  "train_size": 8513207,
  "test_size": 3778192,
  "train_rmse": 92226.60429263662,
  "test_rmse": 49092.3235494095,
  "train_mae": 1551.334823442959,
  "test_mae": 277.6827838871502,
  "train_r2": 0.8433224323711653,
  "test_r2": 0.255597652327214,
  "test_wape": 30.64500488669333,
  "test_smape": 12.929582847046092,
  "best_iteration": 1000,
  "baseline_1h_rmse": 56834.179441330765,
  "baseline_1h_mae": 367.16516656729306,
  "baseline_24h_rmse": 56844.76132120402,
  "baseline_24h_mae": 415.01261427860305,
  "baseline_rolling_rmse": 56839.69822831733,
  "baseline_rolling_mae": 421.64363096188475,
  "improvement_vs_1h": 13.621831031999134,
  "improvement_vs_24h": 13.637910673930016,
  "improvement_vs_rolling": 13.630217823795757,
  "hourly_performance": {
    "0": 259.47446996483956,
    "1": 258.4653069250728,
    "2": 250.1100327846571,
    "3": 248.07594620130484,
    "4": 258.62367938506134,
    "5": 261.79410922649305,
    "6": 280.9361619071058,
    "7": 279.169783835453,
    "8": 285.87743961418835,
    "9": 295.3144638883341,
    "10": 329.0542026992354,
    "11": 305.08249433128833,
    "12": 306.7054666027605,
    "13": 270.36584469036535,
    "14": 336.4146106444668,
    "15": 391.61975499793726,
    "16": 294.8126138853063,
    "17": 256.95237321304916,
    "18": 269.56970777389745,
    "19": 265.7308352688811,
    "20": 214.99329374624762,
    "21": 212.40614412508745,
    "22": 216.70496902196368,
    "23": 318.27703313949996
  },
  "daily_performance": {
    "0": 115.85493873262769,
    "1": 188.27241232487242,
    "2": 827.5252816357082,
    "3": 440.78165733584603,
    "4": 154.95237370048915,
    "5": 104.2861106947647,
    "6": 98.88141218480595
  },
  "features": [
    "primary_use_encoded",
    "building_age",
    "hour",
    "dayofweek",
    "month",
    "is_weekend",
    "is_holiday",
    "near_holiday",
    "air_temperature",
    "CDD",
    "HDD",
    "lag_1h",
    "lag_3h",
    "lag_6h",
    "lag_24h",
    "lag_72h",
    "rolling_mean_24h",
    "rolling_mean_168h",
    "rolling_std_24h",
    "rolling_max_24h",
    "rolling_min_24h",
    "slope_6h",
    "slope_12h",
    "delta_24h",
    "acceleration_6h",
    "building_id",
    "site_id"
  ]
}