{
  "timestamp": "20251113_095228",
  "dataset_size": 12291399,
  "num_features": 27,
  "num_buildings": 1449,
  "train_size": 8513207,
  "test_size": 3778192,
  "train_rmse": 0.23491141737533203,
  "test_rmse": 0.23899378591581624,
  "train_mae": 0.09456586644211712,
  "test_mae": 0.10186572474544027,
  "train_r2": 0.9882861280894663,
  "test_r2": 0.9859194992977268,
  "test_wape": 2.1716190130475788,
  "test_smape": 5.775856159050369,
  "best_iteration": 997,
  "baseline_1h_rmse": 1493.8715545061063,
  "baseline_1h_mae": 579.6707957553555,
  "baseline_24h_rmse": 1492.5467040002377,
  "baseline_24h_mae": 579.3556974934804,
  "baseline_rolling_rmse": 1464.5299137812437,
  "baseline_rolling_mae": 579.5297043273586,
  "improvement_vs_1h": 99.98400171787226,
  "improvement_vs_24h": 99.98398751708906,
  "improvement_vs_rolling": 99.98368119465046,
  "hourly_performance": {
    "0": 252.52728274946588,
    "1": 250.2461537589229,
    "2": 242.69659611370656,
    "3": 240.27129007447678,
    "4": 250.55442397930597,
    "5": 253.6668115183399,
    "6": 271.5911538055062,
    "7": 269.25543852683063,
    "8": 276.24541239670737,
    "9": 289.71062470005984,
    "10": 319.85533618566876,
    "11": 296.25506270444725,
    "12": 298.5760715687986,
    "13": 261.101927762034,
    "14": 347.2031703325712,
    "15": 382.62283619973937,
    "16": 305.9054620179239,
    "17": 250.12135224044252,
    "18": 262.6042840945292,
    "19": 271.4008720918525,
    "20": 215.69382635952462,
    "21": 213.8767546146329,
    "22": 215.9890890902,
    "23": 318.80351224315336
  },
  "daily_performance": {
    "0": 116.38018784456087,
    "1": 189.8942708660775,
    "2": 827.6378709664335,
    "3": 404.86375876027824,
    "4": 155.7682548945475,
    "5": 105.00238897287905,
    "6": 99.38966370665374
  },
  "features": [
    "primary_use_encoded",
    "building_age",
    "hour",
    "dayofweek",
    "month",
    "is_weekend",
    "is_holiday",
    "near_holiday",
    "air_temperature",
    "CDD",
    "HDD",
    "lag_1h",
    "lag_3h",
    "lag_6h",
    "lag_24h",
    "lag_72h",
    "rolling_mean_24h",
    "rolling_mean_168h",
    "rolling_std_24h",
    "rolling_max_24h",
    "rolling_min_24h",
    "slope_6h",
    "slope_12h",
    "delta_24h",
    "acceleration_6h",
    "building_id",
    "site_id"
  ]
}